Name,Code,Market
액스비스,0011A0,KRX
에스팀,458350,KRX
케이뱅크,279570,KRX
덕양에너젠,0001A0,KRX
삼성스팩13호,0115H0,KRX
엔비알모션,0004V0,KRX
지에프아이,493330,KRX
삼미금속,012210,KRX
세미파이브,490470,KRX
리브스메드,491000,KRX
미래에셋비전스팩10호,0097F0,KRX
미래에셋비전스팩11호,0099W0,KRX
삼진식품,0013V0,KRX
엔더블유시,059180,KRX
하나36호스팩,0101C0,KRX
IBKS제25호스팩,0099X0,KRX
알지노믹스,476830,KRX
나라스페이스테크놀로지,478340,KRX
아크릴,0007C0,KRX
메리츠제1호스팩,0088D0,KRX
티엠씨,217590,KRX
교보19호스팩,0098T0,KRX
쿼드메디슨,464490,KRX
키움히어로제1호스팩,466690,KRX
유진스팩12호,0105P0,KRX
이지스,261520,KRX
페스카로,0015S0,KRX
테라뷰,950250,KRX
엔에이치스팩32호,0054V0,KRX
에임드바이오,0009K0,KRX
미래에셋비전스팩9호,0096D0,KRX
삼성스팩12호,0096B0,KRX
미래에셋비전스팩8호,0093G0,KRX
아로마티카,0015N0,KRX
삼성에피스홀딩스,0126Z0,KRX
삼양바이오팜,0120G0,KRX
신영스팩11호,0091W0,KRX
비엔케이제3호스팩,0068Y0,KRX
비츠로넥스텍,488900,KRX
씨엠티엑스,388210,KRX
더핑크퐁컴퍼니,403850,KRX
아이엘로보틱스,403810,KRX
그린광학,0015G0,KRX
알트,459550,KRX
세나테크놀로지,061090,KRX
큐리오시스,494120,KRX
이노테크,469610,KRX
노타,486990,KRX
삼익제약,014950,KRX
명인제약,317450,KRX
KB제33호스팩,0072Z0,KRX
삼성스팩11호,0071M0,KRX
에스투더블유,488280,KRX
오아,342870,KRX
본시스템즈,496320,KRX
그래피,318060,KRX
애드포러스,397810,KRX
삼성스팩10호,0044K0,KRX
제이피아이헬스케어,0010V0,KRX
한라캐스트,125490,KRX
에스엔시스,0008Z0,KRX
삼양컴텍,484590,KRX
교보18호스팩,0041B0,KRX
지투지바이오,456160,KRX
아이티켐,309710,KRX
하나35호스팩,0041L0,KRX
대한조선,439260,KRX
프로티나,468530,KRX
엔알비,475230,KRX
뉴로핏,380550,KRX
도우인시스,484120,KRX
디비금융제14호스팩,0004Y0,KRX
엘에스스팩1호,0041J0,KRX
아우토크립트,331740,KRX
대신밸류리츠,0030R0,KRX
뉴키즈온,462310,KRX
싸이닉솔루션,234030,KRX
KB제32호스팩,0037T0,KRX
뉴엔AI,463020,KRX
지에프씨생명과학,388610,KRX
케이지에이,455180,KRX
지씨지놈,340450,KRX
링크솔루션,474650,KRX
키스트론,475430,KRX
신한제16호스팩,496070,KRX
인투셀,287840,KRX
달바글로벌,483650,KRX
바이오비쥬,489460,KRX
이뮨온시아,424870,KRX
바이오포트,188040,KRX
티씨머티리얼즈,125020,KRX
로킷헬스케어,376900,KRX
오가노이드사이언스,476040,KRX
원일티엔아이,136150,KRX
나우로보틱스,459510,KRX
에이아이코리아,364950,KRX
쎄크,081180,KRX
한국피아이엠,448900,KRX
에이유브랜즈,481070,KRX
우양에이치씨,101970,KRX
더즌,462860,KRX
심플랫폼,444530,KRX
티엑스알로보틱스,484810,KRX
한텍,098070,KRX
한화플러스제5호스팩,498390,KRX
씨케이솔루션,480370,KRX
서울보증보험,031210,KRX
에스엠씨지,460870,KRX
엠디바이스,226590,KRX
대진첨단소재,393970,KRX
에르코스,435570,KRX
엘케이켐,489500,KRX
위너스,479960,KRX
모티브링크,463480,KRX
동국생명과학,303810,KRX
오름테라퓨틱,475830,KRX
동방메디컬,240550,KRX
아이에스티이,212710,KRX
LG씨엔에스,064400,KRX
아이지넷,462980,KRX
피아이이,452450,KRX
삼양엔씨켐,482630,KRX
데이원컴퍼니,373160,KRX
아스테라시스,450950,KRX
와이즈넛,096250,KRX
미트박스,475460,KRX
유안타제17호스팩,493790,KRX
블랙야크아이앤씨,478560,KRX
오션스바이오,332190,KRX
엠에프씨,432980,KRX
파인메딕스,387570,KRX
쓰리에이로직스,177900,KRX
GS피앤엘,499790,KRX
신한제14호스팩,487360,KRX
유비씨,495810,KRX
창대정밀,368030,KRX
듀켐바이오,176750,KRX
키움제10호스팩,487720,KRX
에스지헬스케어,398120,KRX
온코닉테라퓨틱스,476060,KRX
온코크로스,382150,KRX
벡트,457600,KRX
엠앤씨솔루션,484870,KRX
셀로맥스사이언스,471820,KRX
KB제31호스팩,492220,KRX
키움제11호스팩,489480,KRX
KB발해인프라,415640,KRX
디비금융제13호스팩,489730,KRX
교보17호스팩,489210,KRX
대신밸런스제19호스팩,482690,KRX
위츠,459100,KRX
유디엠텍,389680,KRX
RF시스템즈,474610,KRX
사이냅소프트,466410,KRX
하나34호스팩,484130,KRX
에스켐,475660,KRX
엠오티,413390,KRX
신한제15호스팩,487830,KRX
쓰리빌리언,394800,KRX
닷밀,464580,KRX
노머스,473980,KRX
에어레인,163280,KRX
토모큐브,475960,KRX
더본코리아,475560,KRX
HEM파마,376270,KRX
에이럭스,475580,KRX
탑런토탈솔루션,336680,KRX
성우,458650,KRX
유진스팩11호,488060,KRX
타조이엔터테인먼트,476710,KRX
클로봇,466100,KRX
에이치엔에스하이텍,044990,KRX
웨이비스,289930,KRX
씨메스,475400,KRX
한켐,457370,KRX
루미르,474170,KRX
와이제이링크,209640,KRX
인스피언,465480,KRX
셀비온,308430,KRX
제닉스로보틱스,381620,KRX
차이커뮤니케이션,351870,KRX
한화비전,489790,KRX
KB제30호스팩,486630,KRX
아이언디바이스,464500,KRX
미래에셋비전스팩7호,482680,KRX
아이비젼웍스,469750,KRX
아이스크림미디어,461300,KRX
이엔셀,456070,KRX
M83,476080,KRX
티디에스팜,464280,KRX
넥스트바이오메디컬,389650,KRX
케이쓰리아이,431190,KRX
전진건설로봇,079900,KRX
유라클,088340,KRX
교보16호스팩,482520,KRX
뱅크웨어글로벌,199480,KRX
아이빔테크놀로지,460470,KRX
피앤에스로보틱스,460940,KRX
HS효성,487570,KRX
산일전기,062040,KRX
엔에이치스팩31호,481890,KRX
SK증권제13호스팩,473950,KRX
엑셀세라퓨틱스,373110,KRX
이베스트스팩6호,478110,KRX
시프트업,462870,KRX
하스,450330,KRX
이노스페이스,462350,KRX
신한글로벌액티브리츠,481850,KRX
에이치브이엠,295310,KRX
팡스카이,266350,KRX
하이젠알앤엠,160190,KRX
한국제15호스팩,479880,KRX
에스오에스랩,464080,KRX
미래에셋비전스팩6호,478440,KRX
에이치엠씨제7호스팩,477340,KRX
파라다이스,034230,KRX
한중엔시에스,107640,KRX
KB제29호스팩,478390,KRX
미래에셋비전스팩5호,477470,KRX
씨어스테크놀로지,458870,KRX
디비금융스팩12호,477760,KRX
라메디텍,462510,KRX
그리드위즈,453450,KRX
다원넥스뷰,323350,KRX
미래에셋비전스팩4호,477380,KRX
노브랜드,145170,KRX
아이씨티케이,456010,KRX
HD현대마린솔루션,443060,KRX
SK증권제12호스팩,473000,KRX
코칩,126730,KRX
민테크,452200,KRX
카티스,140430,KRX
디앤디파마텍,347850,KRX
유안타제16호스팩,474490,KRX
제일엠앤에스,412540,KRX
삐아,451250,KRX
하나33호스팩,475250,KRX
신한제13호스팩,474930,KRX
신한제12호스팩,474660,KRX
아이엠비디엑스,461030,KRX
SK이터닉스,475150,KRX
하나32호스팩,475240,KRX
엔젤로보틱스,455900,KRX
제이투케이바이오,420570,KRX
삼현,437730,KRX
오상헬스케어,036220,KRX
케이엔알시스템,199430,KRX
비엔케이제2호스팩,473370,KRX
하나31호스팩,469900,KRX
SK증권제11호스팩,472230,KRX
유안타제15호스팩,473050,KRX
유진스팩10호,468760,KRX
에이피알,278470,KRX
E8,418620,KRX
코셈,360350,KRX
케이웨더,068100,KRX
사피엔반도체,452430,KRX
에스피소프트,443670,KRX
스튜디오삼익,415380,KRX
신영스팩10호,472220,KRX
폰드그룹,472850,KRX
IBKS제24호스팩,469480,KRX
레이저옵텍,199550,KRX
이닉스,452400,KRX
엘앤에프,066970,KRX
포스뱅크,105760,KRX
현대힘스,460930,KRX
HB인베스트먼트,440290,KRX
드림인사이트,362990,KRX
대신밸런스제17호스팩,471050,KRX
우진엔텍,457550,KRX
세븐브로이맥주,267080,KRX
한빛레이저,452190,KRX
포스코DX,022100,KRX
DS단석,017860,KRX
IBKS제23호스팩,467930,KRX
하나30호스팩,469880,KRX
씨싸이트,109670,KRX
블루엠텍,439580,KRX
LS머트리얼즈,417200,KRX
케이엔에스,432470,KRX
교보15호스팩,465320,KRX
와이바이오로직스,338840,KRX
에이텀,355690,KRX
엔에이치스팩30호,466910,KRX
에이에스텍,453860,KRX
그린리소스,402490,KRX
제이엔비,452160,KRX
한선엔지니어링,452280,KRX
동인기연,111380,KRX
에코아이,448280,KRX
스톰테크,352090,KRX
에코프로머티,450080,KRX
캡스톤파트너스,452300,KRX
프로젠,296160,KRX
에스와이스틸텍,365330,KRX
에이직랜드,445090,KRX
한국제13호스팩,464440,KRX
메가터치,446540,KRX
비아이매트릭스,413640,KRX
컨텍,451760,KRX
큐로셀,372320,KRX
쏘닉스,088280,KRX
KB제27호스팩,464680,KRX
세니젠,188260,KRX
파라택시스이더리움,290560,KRX
유진테크놀로지,240600,KRX
유투바이오,221800,KRX
퀄리타스반도체,432720,KRX
미쥬,351020,KRX
워트,396470,KRX
에스엘에스바이오,246250,KRX
신성에스티,416180,KRX
퓨릿,445180,KRX
바이오텐,289170,KRX
에이치엠씨제6호스팩,462020,KRX
아이엠티,451220,KRX
레뷰코퍼레이션,443250,KRX
두산로보틱스,454910,KRX
신한제11호스팩,452980,KRX
한싹,430690,KRX
KT밀리의서재,418470,KRX
인스웨이브,450520,KRX
우듬지팜,403490,KRX
코어라인소프트,384470,KRX
STX그린로지스,465770,KRX
상상인제4호스팩,452670,KRX
율촌,146060,KRX
한화플러스제4호스팩,455310,KRX
대신밸런스제16호스팩,457630,KRX
유안타제11호스팩,444920,KRX
크라우드웍스,355390,KRX
한국제12호스팩,458610,KRX
시큐레터,418250,KRX
스마트레이더시스템,424960,KRX
넥스틸,092790,KRX
캔버스엔,210120,KRX
SK증권제10호스팩,457940,KRX
코츠테크놀로지,448710,KRX
큐리옥스바이오시스템즈,445680,KRX
NICE평가정보,030190,KRX
파두,440110,KRX
엠아이큐브솔루션,373170,KRX
시지트로닉스,429270,KRX
에피바이오텍,446440,KRX
조선내화,462520,KRX
에이엘티,172670,KRX
파로스아이바이오,388870,KRX
버넥트,438700,KRX
뷰티스킨,406820,KRX
와이랩,432430,KRX
센서뷰,321370,KRX
아이엠지티,456570,KRX
필에너지,378340,KRX
이노시뮬레이션,274400,KRX
알멕,354320,KRX
오픈놀,440320,KRX
아이티센피엔에스,232830,KRX
엔에이치스팩29호,451700,KRX
가이아코퍼레이션,296520,KRX
비에이치,090460,KRX
동국씨엠,460850,KRX
동국제강,460860,KRX
프로티아,303360,KRX
큐라티스,348080,KRX
마녀공장,439090,KRX
나라셀라,405920,KRX
진영,285800,KRX
이수스페셜티케미컬,457190,KRX
OCI,456040,KRX
기가비스,420770,KRX
팸텍,271830,KRX
모니터랩,434480,KRX
시선AI,340810,KRX
큐라켐,456190,KRX
지슨,446840,KRX
트루엔,417790,KRX
에스바이오메딕스,304360,KRX
슈어소프트테크,298830,KRX
토마토시스템,393210,KRX
마이크로투나노,424980,KRX
셀바이오휴먼텍,318160,KRX
SK오션플랜트,100090,KRX
삼성FN리츠,448730,KRX
현대그린푸드,453340,KRX
한화갤러리아,452260,KRX
지아이이노베이션,358570,KRX
LB인베스트먼트,309960,KRX
한화리츠,451800,KRX
엑스게이트,356680,KRX
금양그린파워,282720,KRX
라온텍,418420,KRX
자람테크놀로지,389020,KRX
나노팀,417010,KRX
바이오인프라,199730,KRX
이노진,344860,KRX
화인써키트,127980,KRX
제이오,418550,KRX
샌즈랩,411080,KRX
꿈비,407400,KRX
스튜디오미르,408900,KRX
삼기에너지솔루션즈,419050,KRX
오브젠,417860,KRX
미래반도체,254490,KRX
태양3C,052960,KRX
티이엠씨,425040,KRX
한주라이트메탈,198940,KRX
옵티코어,380540,KRX
아이오바이오,447690,KRX
타이드,346010,KRX
신스틸,162300,KRX
바이오노트,377740,KRX
마이크로엔엑스,448780,KRX
애니메디솔루션,390110,KRX
핑거스토리,417180,KRX
SAMG엔터,419530,KRX
아하,102950,KRX
인터로이드,311960,KRX
유니드비티플러스,446070,KRX
펨트론,168360,KRX
인벤티지랩,389470,KRX
엔젯,419080,KRX
유비온,084440,KRX
티쓰리,204610,KRX
티에프이,425420,KRX
윤성에프앤씨,372170,KRX
디티앤씨알오,383930,KRX
뉴로메카,348340,KRX
제이아이테크,417500,KRX
LX세미콘,108320,KRX
큐알티,405100,KRX
저스템,417840,KRX
산돌,419120,KRX
탈로스,434190,KRX
플라즈맵,405000,KRX
핀텔,291810,KRX
샤페론,378800,KRX
비스토스,419540,KRX
탑머티리얼,360070,KRX
에스비비테크,389500,KRX
오에스피,368970,KRX
모델솔루션,417970,KRX
이노룰스,296640,KRX
파인엠텍,441270,KRX
KB스타리츠,432320,KRX
선바이오,067370,KRX
더블유씨피,393890,KRX
알피바이오,314140,KRX
티엘엔지니어링,413300,KRX
오픈엣지테크놀로지,394280,KRX
대성하이텍,129920,KRX
쏘카,403550,KRX
에이치와이티씨,148930,KRX
새빗켐,107600,KRX
수산인더스트리,126720,KRX
아이씨에이치,368600,KRX
성일하이텍,365340,KRX
에이프릴바이오,397030,KRX
퓨쳐메디신,341170,KRX
벨로크,424760,KRX
루닛,328130,KRX
바스칸바이오제약,354390,KRX
HPSP,403870,KRX
와이씨켐,112290,KRX
코난테크놀로지,402030,KRX
넥스트칩,396270,KRX
레이저쎌,412350,KRX
보로노이,310210,KRX
위니아에이드,377460,KRX
비큐AI,148780,KRX
범한퓨얼셀,382900,KRX
코나솔,176590,KRX
청담글로벌,362320,KRX
마스턴프리미어리츠,357430,KRX
가온칩스,399720,KRX
대명에너지,389260,KRX
포바이포,389140,KRX
지투파워,388050,KRX
씨피시스템,413630,KRX
코람코더원리츠,417310,KRX
세아메카닉스,396300,KRX
공구우먼,366030,KRX
유일로보틱스,388720,KRX
모아데이타,288980,KRX
메쎄이상,408920,KRX
노을,376930,KRX
비씨엔씨,146320,KRX
풍원정밀,371950,KRX
스톤브릿지벤처스,330730,KRX
브이씨,365900,KRX
퓨런티어,370090,KRX
바이오에프디엔씨,251120,KRX
인카금융서비스,211050,KRX
나래나노텍,137080,KRX
아셈스,136410,KRX
스코넥,276040,KRX
이지트로닉스,377330,KRX
LG에너지솔루션,373220,KRX
애드바이오텍,179530,KRX
케이옥션,102370,KRX
코스텍시스템,169670,KRX
오토앤,353590,KRX
아티스트스튜디오,200350,KRX
라피치,403360,KRX
제이엠멀티,254160,KRX
신한서부티엔디리츠,404990,KRX
툴젠,199800,KRX
미래에셋글로벌리츠,396690,KRX
켈스,402420,KRX
SK스퀘어,402340,KRX
마음AI,377480,KRX
알비더블유,361570,KRX
NH올원리츠,400760,KRX
NPX,222160,KRX
트윔,290090,KRX
아이티아이즈,372800,KRX
지오엘리먼트,311320,KRX
SKAI,357880,KRX
디어유,376300,KRX
지니너스,389030,KRX
카카오페이,377300,KRX
피코그램,376180,KRX
엔켐,348370,KRX
리파인,377450,KRX
지앤비에스 에코,382800,KRX
아이패밀리에스씨,114840,KRX
차백신연구소,261780,KRX
지아이텍,382480,KRX
코닉오토메이션,391710,KRX
케이카,381970,KRX
씨유테크,376290,KRX
아스플로,159010,KRX
원준,382840,KRX
실리콘투,257720,KRX
에스앤디,260970,KRX
프롬바이오,377220,KRX
바이오플러스,099430,KRX
HD현대중공업,329180,KRX
SK리츠,395400,KRX
와이엠텍,273640,KRX
에이비온,203400,KRX
라이콤,388790,KRX
일진하이솔루스,271940,KRX
디앤디플랫폼리츠,377190,KRX
바이젠셀,308080,KRX
아주스틸,139990,KRX
롯데렌탈,089860,KRX
브레인즈컴퍼니,099390,KRX
딥노이드,315640,KRX
한컴라이프케어,372910,KRX
엠로,058970,KRX
플래티어,367000,KRX
원티드랩,376980,KRX
크래프톤,259960,KRX
HK이노엔,195940,KRX
PI첨단소재,178920,KRX
카카오뱅크,323410,KRX
에브리봇,270660,KRX
비트맥스,377030,KRX
큐라클,365270,KRX
에스디바이오센서,137310,KRX
오비고,352910,KRX
엠씨넥스,097520,KRX
아모센스,357580,KRX
타임기술,318660,KRX
이노뎁,303530,KRX
라온로보틱스,232680,KRX
이성씨엔아이,379390,KRX
현대ADM,187660,KRX
에코프로에이치엔,383310,KRX
LX홀딩스,383800,KRX
진시스템,363250,KRX
한울앤제주,276730,KRX
F&F,383220,KRX
삼영에스앤씨,361670,KRX
샘씨엔에스,252990,KRX
씨앤씨인터내셔널,352480,KRX
에이치피오,357230,KRX
SK아이이테크놀로지,361610,KRX
쿠콘,294570,KRX
이삭엔지니어링,351330,KRX
해성에어로보틱스,059270,KRX
엔시스,333620,KRX
자이언트스텝,289220,KRX
제노코,361390,KRX
스피어,347700,KRX
SK바이오사이언스,302440,KRX
바이오다인,314930,KRX
네오이뮨텍,950220,KRX
화승알앤에이,378850,KRX
싸이버원,356890,KRX
프레스티지바이오로직스,334970,KRX
나노씨엠에스,247660,KRX
뷰노,338220,KRX
엑스플러스,373200,KRX
유일에너테크,340930,KRX
씨이랩,189330,KRX
오로스테크놀로지,322310,KRX
피엔에이치테크,239890,KRX
모비데이즈,363260,KRX
아이퀘스트,262840,KRX
프레스티지바이오파마,950210,KRX
레인보우로보틱스,277810,KRX
아티스트컴퍼니,321820,KRX
솔루엠,248070,KRX
핑거,163730,KRX
모비릭스,348030,KRX
씨앤투스,352700,KRX
선진뷰티사이언스,086710,KRX
DL이앤씨,375500,KRX
엔비티,236810,KRX
파이버프로,368770,KRX
나우코스,257990,KRX
루트락,253610,KRX
ESR켄달스퀘어리츠,365550,KRX
블리츠웨이엔터테인먼트,369370,KRX
석경에이티,357550,KRX
지놈앤컴퍼니,314130,KRX
프리시젼바이오,335810,KRX
알체라,347860,KRX
하이딥,365590,KRX
에프앤가이드,064850,KRX
티엘비,356860,KRX
인바이오,352940,KRX
엔젠바이오,354200,KRX
퀀타매트릭스,317690,KRX
명신산업,009900,KRX
셀레스트라,352770,KRX
포인트모바일,318020,KRX
앱코,129890,KRX
엔에프씨,265740,KRX
제일일렉트릭,199820,KRX
하나기술,299030,KRX
에이플러스에셋,244920,KRX
티앤엘,340570,KRX
고바이오랩,348150,KRX
네패스아크,330860,KRX
교촌에프앤비,339770,KRX
소룩스,290690,KRX
위드텍,348350,KRX
센코,347000,KRX
바이브컴퍼니,301300,KRX
원포유,122830,KRX
롤링스톤,214610,KRX
피플바이오,304840,KRX
하이브,352820,KRX
넥스틴,348210,KRX
케이엔솔,053080,KRX
비나텍,126340,KRX
씨엔알리서치,359090,KRX
박셀바이오,323990,KRX
티와이홀딩스,363280,KRX
비비씨,318410,KRX
코스텍시스,355150,KRX
핌스,347770,KRX
압타머사이언스,291650,KRX
이오플로우,294090,KRX
카카오게임즈,293490,KRX
피엔케이피부임상연구센타,347740,KRX
코람코라이프인프라리츠,357120,KRX
아이디피,332370,KRX
셀레믹스,331920,KRX
고스트스튜디오,950190,KRX
젝시믹스,337930,KRX
영림원소프트랩,060850,KRX
한국파마,032300,KRX
제이알글로벌리츠,348950,KRX
솔브레인,357780,KRX
미래에셋맵스리츠,357250,KRX
이지스레지던스리츠,350520,KRX
PS일렉트로닉스,332570,KRX
에코앤드림,101360,KRX
엠투아이,347890,KRX
더네이쳐홀딩스,298540,KRX
제놀루션,225220,KRX
솔트룩스,304100,KRX
바이오인프라생명과학,266470,KRX
티에스아이,277880,KRX
에이프로,262260,KRX
이지스밸류플러스리츠,334890,KRX
소마젠,950200,KRX
신도기연,290520,KRX
위더스제약,330350,KRX
에스케이바이오팜,326030,KRX
엠브레인,169330,KRX
젠큐릭스,229000,KRX
무진메디,322970,KRX
HB솔루션,297890,KRX
넥사다이내믹스,351320,KRX
에스씨엠생명과학,298060,KRX
휴럼,353190,KRX
이지바이오,353810,KRX
드림씨아이에스,223250,KRX
대덕전자,353200,KRX
캐프,198080,KRX
플레이디,237820,KRX
서울바이오시스,092190,KRX
제이앤티씨,204270,KRX
켄코아에어로스페이스,274090,KRX
레몬,294140,KRX
서남,294630,KRX
위세아이텍,065370,KRX
케이씨씨글라스,344820,KRX
세림B&G,340440,KRX
CJ 바이오사이언스,311690,KRX
엔에스엠,238170,KRX
한국첨단소재,062970,KRX
RF머트리얼즈,327260,KRX
아이비김영,339950,KRX
파라택시스코리아,288330,KRX
다보링크,340360,KRX
메드팩토,235980,KRX
원텍,336570,KRX
신테카바이오,226330,KRX
제이엘케이,322510,KRX
태웅로직스,124560,KRX
윙스풋,335870,KRX
노드메이슨,317860,KRX
리메드,302550,KRX
NH프라임리츠,338100,KRX
타스컴,336040,KRX
진코스텍,250030,KRX
웨이버스,336060,KRX
유엑스엔,337840,KRX
HLB바이오스텝,278650,KRX
씨티알모빌리티,308170,KRX
티움바이오,321550,KRX
씨에스베어링,297090,KRX
우양,103840,KRX
코리아에셋투자증권,190650,KRX
HD현대에너지솔루션,322000,KRX
에스제이그룹,306040,KRX
제테마,216080,KRX
한화시스템,272210,KRX
라파스,214260,KRX
아이티엠반도체,084850,KRX
일승,333430,KRX
자이에스앤디,317400,KRX
미디어젠,279600,KRX
LS티라유텍,322180,KRX
모코엠시스,333050,KRX
롯데리츠,330590,KRX
지누스,013890,KRX
밸로프,331520,KRX
캐리소프트,317530,KRX
한국미라클피플사,331660,KRX
케이엔제이,272110,KRX
엔바이오니아,317870,KRX
팜스빌,318010,KRX
두산퓨얼셀,336260,KRX
라온피플,300120,KRX
솔루스첨단소재,336370,KRX
콘텐트리중앙,036420,KRX
아톤,158430,KRX
녹십자웰빙,234690,KRX
누보,332290,KRX
포커스에이아이,331380,KRX
엔지브이아이,093510,KRX
올리패스,244460,KRX
라닉스,317120,KRX
한울반도체,320000,KRX
한독크린텍,256150,KRX
아퓨어스,149300,KRX
네오크레마,311390,KRX
마니커에프앤지,195500,KRX
솔트웨어,328380,KRX
나노실리칸첨단소재,286750,KRX
에스피시스템스,317830,KRX
레이,228670,KRX
그린플러스,186230,KRX
코윈테크,282880,KRX
덕산테코피아,317330,KRX
KBG,318000,KRX
엑스페릭스,317770,KRX
세경하이테크,148150,KRX
캐리,313760,KRX
대모,317850,KRX
에이스토리,241840,KRX
플리토,300080,KRX
헥토파이낸셜,234340,KRX
아이스크림에듀,289010,KRX
펨토바이오메드,327610,KRX
펌텍코리아,251970,KRX
에이에프더블류,312610,KRX
태성,323280,KRX
압타바이오,293780,KRX
형지글로벌,308100,KRX
마이크로디지탈,305090,KRX
코퍼스코리아,322780,KRX
프로이천,321260,KRX
포스코퓨처엠,003670,KRX
수젠텍,253840,KRX
컴퍼니케이,307930,KRX
피에스케이,319660,KRX
현대무벡스,319400,KRX
TS트릴리온,317240,KRX
이노벡스,279060,KRX
아모그린텍,125210,KRX
현대오토에버,307950,KRX
지노믹트리,228760,KRX
이지케어텍,099750,KRX
미래에셋벤처투자,100790,KRX
드림텍,192650,KRX
더블유게임즈,192080,KRX
에코프로비엠,247540,KRX
셀리드,299660,KRX
우리금융지주,316140,KRX
천보,278280,KRX
SCL사이언스,246960,KRX
노랑풍선,104620,KRX
웹케시,053580,KRX
엘에이티,311060,KRX
에어부산,298690,KRX
비피도,238200,KRX
유틸렉스,263050,KRX
디케이티,290550,KRX
아이엘,307180,KRX
애니플러스,310200,KRX
디와이씨,310870,KRX
위지윅스튜디오,299900,KRX
조이웍스앤코,309930,KRX
국전약품,307750,KRX
에이비엘바이오,298380,KRX
머큐리,100590,KRX
전진바이오팜,110020,KRX
뉴트리,270870,KRX
비투엔,307870,KRX
이노메트리,302430,KRX
DH오토리드,290120,KRX
에코캡,128540,KRX
원바이오젠,307280,KRX
윙입푸드,900340,KRX
남화산업,111710,KRX
엠아이텍,179290,KRX
티로보틱스,117730,KRX
네오펙트,290660,KRX
에이펙스인텍,207490,KRX
티앤알바이오팹,246710,KRX
아시아나IDT,267850,KRX
디알젬,263690,KRX
싸이토젠,217330,KRX
아주IB투자,027360,KRX
디케이앤디,263020,KRX
프로브잇,227100,KRX
노바렉스,194700,KRX
대보마그네틱,290670,KRX
노바텍,285490,KRX
엘앤씨바이오,290650,KRX
지아이에스,306620,KRX
로보티즈,108490,KRX
옵티팜,153710,KRX
에스퓨얼셀,288620,KRX
세아제강,306200,KRX
나우IB,293580,KRX
푸드나무,290720,KRX
하나제약,293480,KRX
크리스에프앤씨,110790,KRX
더블유에스아이,299170,KRX
한국비티비,219750,KRX
우진아이엔에스,010400,KRX
엔피,291230,KRX
피엔티엠에스,257370,KRX
엔솔바이오사이언스,140610,KRX
디지캡,197140,KRX
지니틱스,303030,KRX
액트로,290740,KRX
오파스넷,173130,KRX
브이엠,089970,KRX
바이오솔루션,086820,KRX
더콘텐츠온,302920,KRX
신한알파리츠,293940,KRX
디아이티,110990,KRX
에스에스알,275630,KRX
한일시멘트,300720,KRX
휴네시온,290270,KRX
티웨이항공,091810,KRX
롯데이노베이트,286940,KRX
한국유니온제약,080720,KRX
그리티,204020,KRX
알로이스,297570,KRX
올릭스,226950,KRX
HS효성첨단소재,298050,KRX
테크트랜스,258050,KRX
효성중공업,298040,KRX
효성티앤씨,298020,KRX
효성화학,298000,KRX
아이큐어,175250,KRX
SV인베스트먼트,289080,KRX
엘리비젼,276240,KRX
지앤이헬스케어,299480,KRX
이리츠코크렙,088260,KRX
EDGC,245620,KRX
HDC현대산업개발,294870,KRX
카이노스메드,284620,KRX
파워넷,037030,KRX
현대사료,016790,KRX
세종메디칼,258830,KRX
제노레이,122310,KRX
에스제이켐,217910,KRX
JTC,950170,KRX
네오셈,253590,KRX
케어랩스,263700,KRX
애경산업,018250,KRX
린드먼아시아,277070,KRX
오스테오닉,226400,KRX
엔지켐생명과학,183490,KRX
동구바이오제약,006620,KRX
아시아종묘,154030,KRX
알리코제약,260660,KRX
셀트리온,068270,KRX
카페24,042000,KRX
링크제니시스,219420,KRX
배럴,267790,KRX
SG,255220,KRX
씨앤지하이테크,264660,KRX
쿠쿠홈시스,284740,KRX
SK케미칼,285130,KRX
시스웍,269620,KRX
디바이스,187870,KRX
씨알푸드,236030,KRX
레이크머티리얼즈,281740,KRX
BGF리테일,282330,KRX
DYP,092780,KRX
진에어,272450,KRX
씨티케이,260930,KRX
메카로,241770,KRX
에스트래픽,234300,KRX
케이씨텍,281820,KRX
체리부로,066360,KRX
대원,007680,KRX
삼양패키징,272550,KRX
스튜디오드래곤,253450,KRX
코오롱티슈진,950160,KRX
EMB,278990,KRX
테이팩스,055490,KRX
롯데웰푸드,280360,KRX
탑선,180060,KRX
영화테크,265560,KRX
폴라리스세원,234100,KRX
상신전자,263810,KRX
야스,255440,KRX
인산가,277410,KRX
휴엠앤씨,263920,KRX
신흥에스이씨,243840,KRX
유티아이,179900,KRX
선익시스템,171090,KRX
엠플러스,259630,KRX
앱클론,174900,KRX
펄어비스,263750,KRX
킵스파마,256940,KRX
SK시그넷,260870,KRX
덕우전자,263600,KRX
앱튼,270520,KRX
케일럼,258610,KRX
알에스오토메이션,140670,KRX
컬러레이,900310,KRX
와이즈버즈,273060,KRX
모트렉스,118990,KRX
데이타솔루션,263800,KRX
지니언스,263860,KRX
디앤씨미디어,263720,KRX
루켄테크놀러지스,162120,KRX
힘스,238490,KRX
제일약품,271980,KRX
브이원텍,251630,KRX
아우딘퓨쳐스,227610,KRX
이녹스첨단소재,272290,KRX
카카오,035720,KRX
오리온,271560,KRX
하림지주,003380,KRX
덴티스,261200,KRX
메디안디노스틱,233250,KRX
나인테크,267320,KRX
에스알바이오텍,270210,KRX
레드우즈,266170,KRX
보라티알,250000,KRX
매일유업,267980,KRX
LK삼양,225190,KRX
이랜시스,264850,KRX
필옵틱스,161580,KRX
미원에스씨,268280,KRX
경동도시가스,267290,KRX
넷마블,251270,KRX
HD건설기계,267270,KRX
HD현대,267250,KRX
HD현대일렉트릭,267260,KRX
포인트엔지니어링,256630,KRX
하나머티리얼즈,166090,KRX
소프트캠프,258790,KRX
와이엠티,251370,KRX
크라운제과,264900,KRX
AP시스템,265520,KRX
유에스티,263770,KRX
이엘피,063760,KRX
유비쿼스,264450,KRX
서진시스템,178320,KRX
코미코,183300,KRX
아스타,246720,KRX
덴티움,145720,KRX
에스디생명공학,217480,KRX
신신제약,002800,KRX
에프엔에스테크,083500,KRX
모바일어플라이언스,087260,KRX
피씨엘,241820,KRX
호전실업,111110,KRX
서플러스글로벌,140070,KRX
유바이오로직스,206650,KRX
도부,227420,KRX
한국비엔씨,256840,KRX
DSC인베스트먼트,241520,KRX
TS인베스트먼트,246690,KRX
피엠티,147760,KRX
바이오프로테크,199290,KRX
HLB펩,196300,KRX
유니온바이오메트릭스,203450,KRX
신라젠,215600,KRX
자비스,254120,KRX
핸즈코퍼레이션,143210,KRX
티이엠씨씨엔에스,241790,KRX
퓨쳐켐,220100,KRX
뉴파워프라즈마,144960,KRX
엘앤케이바이오,156100,KRX
핸디소프트,220180,KRX
두산밥캣,241560,KRX
삼성바이오로직스,207940,KRX
클리오,237880,KRX
오가닉티코스메틱,900300,KRX
얼라인드,238120,KRX
세화피앤씨,252500,KRX
아이티센코어,243870,KRX
인크로스,216050,KRX
에이치엘사이언스,239610,KRX
코스메카코리아,241710,KRX
JW생명과학,234080,KRX
GRT,900290,KRX
안지오랩,251280,KRX
인텔리안테크,189300,KRX
에이치시티,072990,KRX
잉글우드랩,950140,KRX
앤디포스,238090,KRX
수산아이앤티,050960,KRX
미투온,201490,KRX
화승엔터프라이즈,241590,KRX
예선테크,250930,KRX
LS에코에너지,229640,KRX
스타에스엠리츠,204210,KRX
유니테크노,241690,KRX
모비스,250060,KRX
나무기술,242040,KRX
자이글,234920,KRX
일동제약,249420,KRX
헝셩그룹,900270,KRX
샘표식품,248170,KRX
에코마케팅,230360,KRX
블루탑,191600,KRX
두올,016740,KRX
다산디엠씨,208860,KRX
우리손에프앤지,073560,KRX
오건에코텍,212310,KRX
알엔티엑스,123010,KRX
제노텍,066830,KRX
동서,026960,KRX
한국자산신탁,123890,KRX
한국토지신탁,034830,KRX
모아라이프플러스,142760,KRX
피앤씨테크,237750,KRX
로스웰,900260,KRX
씨앤에스링크,245450,KRX
해성디에스,195870,KRX
에스티팜,237690,KRX
지씨셀,144510,KRX
알엔투테크놀로지,148250,KRX
이비테크,208850,KRX
이스트에이드,239340,KRX
휴온스,243070,KRX
나눔테크,244880,KRX
KC산업,112190,KRX
모나용평,070960,KRX
해태제과식품,101530,KRX
원익IPS,240810,KRX
로보쓰리에이아이,238500,KRX
레이언스,228850,KRX
동양파일,228340,KRX
삼일씨엔에스,004440,KRX
팬젠,222110,KRX
AP위성,211270,KRX
비유테크놀러지,230980,KRX
큐리언트,115180,KRX
안트로젠,065660,KRX
슈프리마,236200,KRX
제이에스코퍼레이션,194370,KRX
유니트론텍,142210,KRX
크리스탈신소재,900250,KRX
메디젠휴먼케어,236340,KRX
볼빅,206950,KRX
이엠티,232530,KRX
더코디,224060,KRX
에스와이,109610,KRX
질경이,233990,KRX
잇츠한불,226320,KRX
크로넥스,215570,KRX
사토시홀딩스,223310,KRX
와이씨,232140,KRX
육일씨엔에쓰,191410,KRX
휴젤,145020,KRX
한국맥널티,222980,KRX
덱스터,206560,KRX
아진산업,013310,KRX
HLB제약,047920,KRX
강스템바이오텍,217730,KRX
에이원알폼,234070,KRX
메가엠디,133750,KRX
HC보광산업,225530,KRX
파크시스템스,140860,KRX
에치에프알,230240,KRX
예스티,122640,KRX
코스맥스엔비티,222040,KRX
멕아이씨에스,058110,KRX
원익피앤이,217820,KRX
세진중공업,075580,KRX
하이즈항공,221840,KRX
DXVX,180400,KRX
케이디켐,221980,KRX
네오오토,212560,KRX
엔투텍,227950,KRX
케어젠,214370,KRX
아이진,185490,KRX
나무가,190510,KRX
시지메드텍,056090,KRX
금호에이치티,214330,KRX
제주항공,089590,KRX
본느,226340,KRX
파마리서치바이오,217950,KRX
럭스피아,092590,KRX
노브메타파마,229500,KRX
엔케이맥스,182400,KRX
현대코퍼레이션홀딩스,227840,KRX
엑시콘,092870,KRX
엄지하우스,224810,KRX
메디쎄이,200580,KRX
케이엠제약,225430,KRX
패션플랫폼,225590,KRX
LIG넥스원,079550,KRX
넥슨게임즈,225570,KRX
제너셈,217190,KRX
타이거일렉,219130,KRX
HDC랩스,039570,KRX
동일제강,002690,KRX
휴먼테크놀로지,175140,KRX
씨아이에스,222080,KRX
에이텍모빌리티,224110,KRX
웹스,196700,KRX
AJ네트웍스,095570,KRX
파인텍,131760,KRX
세토피아,222810,KRX
심텍,222800,KRX
흥국에프엔비,189980,KRX
쎄노텍,222420,KRX
칩스앤미디어,094360,KRX
아시아경제,127710,KRX
엔에스컴퍼니,224760,KRX
아이쓰리시스템,214430,KRX
로지시스,067730,KRX
플럼라인생명과학,222670,KRX
켐트로스,220260,KRX
파마리서치,214450,KRX
디와이디,219550,KRX
펩트론,087010,KRX
이노션,214320,KRX
토니모리,214420,KRX
광동헬스바이오,086220,KRX
로지스몬,223220,KRX
미래에셋생명,085620,KRX
RFHIC,218410,KRX
동운아나텍,094170,KRX
일월지엠엘,178780,KRX
헥토이노베이션,214180,KRX
경보제약,214390,KRX
인바이츠바이오코아,216400,KRX
코아스템켐온,166480,KRX
SK디앤디,210980,KRX
씨앗,103660,KRX
베셀,177350,KRX
넵튠,217270,KRX
미래생명자원,218150,KRX
싸이맥스,160980,KRX
러셀,217500,KRX
픽셀플러스,087600,KRX
선샤인푸드,217620,KRX
HLB제넥스,187420,KRX
틸론,217880,KRX
우정바이오,215380,KRX
지에이이노더스,076340,KRX
토박스코리아,215480,KRX
이노인스트루먼트,215790,KRX
우리산업,215360,KRX
메가스터디교육,215200,KRX
썬테크,217320,KRX
솔디펜스,215090,KRX
로보로보,215100,KRX
디알텍,214680,KRX
에이비프로바이오,195990,KRX
골프존,215000,KRX
클래시스,214150,KRX
FSN,214270,KRX
다이나믹디자인,145210,KRX
포시에스,189690,KRX
덕산네오룩스,213420,KRX
한솔제지,213500,KRX
디와이파워,210540,KRX
국일신동,060480,KRX
링크드,193250,KRX
바디텍메드,206640,KRX
스튜디오산타클로스,204630,KRX
썸에이지,208640,KRX
에이팩트,200470,KRX
휴메딕스,200670,KRX
서전기전,189860,KRX
아스트,067390,KRX
오킨스전자,080580,KRX
지란지교시큐리티,208350,KRX
포톤,208710,KRX
NEW,160550,KRX
아이티센글로벌,124500,KRX
미래엔에듀파트너,208890,KRX
삼성물산,028260,KRX
녹십자엠에스,142280,KRX
디티앤씨,187220,KRX
셀바스헬스케어,208370,KRX
정다운,208140,KRX
하이로닉,149980,KRX
랩지노믹스,084650,KRX
에이디테크놀로지,200710,KRX
비씨월드제약,200780,KRX
미스터블루,207760,KRX
알테오젠,196170,KRX
베노티앤알,206400,KRX
대창스틸,140520,KRX
에프엔씨엔터,173940,KRX
휴마시스,205470,KRX
씨에스윈드,112610,KRX
텔콘RF제약,200230,KRX
지엘팜텍,204840,KRX
글로벌텍스프리,204620,KRX
디에이테크놀로지,196490,KRX
삼성에스디에스,018260,KRX
아이케이세미콘,149010,KRX
넥써쓰,205500,KRX
엑셈,205100,KRX
테고사이언스,191420,KRX
슈피겐코리아,192440,KRX
영우디에스피,143540,KRX
유니포인트,121060,KRX
드림시큐리티,203650,KRX
메디아나,041920,KRX
HL만도,204320,KRX
데브시스터즈,194480,KRX
아크솔루션스,203690,KRX
오늘이엔엠,192410,KRX
강동씨앤엘,198440,KRX
판도라티비,202960,KRX
서연이화,200880,KRX
신화콘텍,187270,KRX
쿠쿠홀딩스,192400,KRX
파버나인,177830,KRX
덕신이피씨,090410,KRX
창해에탄올,004650,KRX
윈하이텍,192390,KRX
아진엑스텍,059120,KRX
콜마비앤에이치,200130,KRX
화인베스틸,133820,KRX
엣지파운드리,105550,KRX
큐엠씨,136660,KRX
데이터스트림즈,199150,KRX
코아시아씨엠,196450,KRX
캐스텍코리아,071850,KRX
BGF,027410,KRX
나노,187790,KRX
케이사인,192250,KRX
코스맥스,192820,KRX
오이솔루션,138080,KRX
한국정보인증,053300,KRX
다산솔루에타,154040,KRX
현대이지웰,090850,KRX
위월드,140660,KRX
코셋,189350,KRX
SGA솔루션즈,184230,KRX
대동고려삼,178600,KRX
기가레인,049080,KRX
알티캐스트,085810,KRX
종근당,185750,KRX
현대공업,170030,KRX
엔브이에이치코리아,067570,KRX
탑코미디어,134580,KRX
신송홀딩스,006880,KRX
큐브엔터,182360,KRX
라이온켐텍,171120,KRX
램테크놀러지,171010,KRX
앤로보틱스,138360,KRX
아세아시멘트,183190,KRX
해성옵틱스,076610,KRX
내츄럴엔도텍,168330,KRX
현대로템,064350,KRX
수프로,185190,KRX
두산테스나,131970,KRX
파수,150900,KRX
엘티씨,170920,KRX
지엔씨에너지,119850,KRX
한진칼,180640,KRX
아미코젠,092040,KRX
NHN,181710,KRX
GH신소재,130500,KRX
파이오링크,170790,KRX
KG에코솔루션,151860,KRX
JB금융지주,175330,KRX
KT나스미디어,089600,KRX
대주이엔티,114920,KRX
머니무브,179720,KRX
태양기계,116100,KRX
엑세스바이오,950130,KRX
DSR,155660,KRX
리가켐바이오,141080,KRX
동아에스티,170900,KRX
윈팩,097800,KRX
코렌텍,104540,KRX
제로투세븐,159580,KRX
한솔아이원스,114810,KRX
우리이앤엘,153490,KRX
아이센스,099190,KRX
에코글로우,159910,KRX
우리로,046970,KRX
디젠스,113810,KRX
지엠비코리아,013870,KRX
와이엠씨,155650,KRX
LG헬로비전,037560,KRX
아바텍,149950,KRX
동일고무벨트,163560,KRX
한국콜마,161890,KRX
한국타이어앤테크놀로지,161390,KRX
코이즈,121850,KRX
애경케미칼,161000,KRX
네이블,153460,KRX
노블엠앤비,106520,KRX
피엔티,137400,KRX
사조씨푸드,014710,KRX
비아트론,141000,KRX
빛샘전자,072950,KRX
한국ANKOR유전,152550,KRX
휴비스,079980,KRX
사람인,143240,KRX
제룡산업,147830,KRX
남화토건,091590,KRX
케이탑리츠,145270,KRX
메지온,140410,KRX
원익머트리얼즈,104830,KRX
제이에스링크,127120,KRX
GS리테일,007070,KRX
나이스디앤비,130580,KRX
시큐브,131090,KRX
서암기계공업,100660,KRX
인터지스,129260,KRX
씨유메디칼,115480,KRX
삼양사,145990,KRX
키네마스터,139670,KRX
비덴트,121800,KRX
신진에스엠,138070,KRX
이엠넷,123570,KRX
와이지엔터테인먼트,122870,KRX
테크윙,089030,KRX
씨큐브,101240,KRX
에스엠코어,007820,KRX
씨엔플러스,115530,KRX
하나투어,039130,KRX
로보스타,090360,KRX
대한과학,131220,KRX
아이디스,143160,KRX
에이블씨엔씨,078520,KRX
제이씨케미칼,137950,KRX
아이씨디,040910,KRX
제닉,123330,KRX
BF랩스,139050,KRX
삼원강재,023000,KRX
상아프론테크,089980,KRX
신세계인터내셔날,031430,KRX
에이리츠,140910,KRX
나이벡,138610,KRX
옵티시스,109080,KRX
대양전기공업,108380,KRX
한국항공우주,047810,KRX
롯데하이마트,071840,KRX
서연탑메탈,019770,KRX
한세엠케이,069640,KRX
코오롱ENP,138490,KRX
넥스트아이,137940,KRX
티엔엔터테인먼트,131100,KRX
이마트,139480,KRX
iM금융지주,139130,KRX
케이티스카이라이프,053210,KRX
KX,122450,KRX
골프존홀딩스,121440,KRX
메리츠금융지주,138040,KRX
윈스테크넷,136540,KRX
하림,136480,KRX
한국종합기술,023350,KRX
이퓨쳐,134060,KRX
티케이케미칼,104480,KRX
BNK금융지주,138930,KRX
롯데에너지머티리얼즈,020150,KRX
부스타,008470,KRX
현대위아,011210,KRX
선진,136490,KRX
미원화학,134380,KRX
나노신소재,121600,KRX
케이아이엔엑스,093320,KRX
티피씨글로벌,130740,KRX
LB세미콘,061970,KRX
딜리,131180,KRX
제이엔케이글로벌,126880,KRX
블루콤,033560,KRX
인트론바이오,048530,KRX
시디즈,134790,KRX
알서포트,131370,KRX
인텍플러스,064290,KRX
티에스이,131290,KRX
한화엔진,082740,KRX
이브이첨단소재,131400,KRX
대성에너지,117580,KRX
현대퓨처넷,126560,KRX
대정화금,120240,KRX
KTis,058860,KRX
한전산업,130660,KRX
피제이메탈,128660,KRX
옵투스제약,131030,KRX
에이루트,096690,KRX
엘브이엠씨,900140,KRX
티비씨,033830,KRX
시그네틱스,033170,KRX
한국전자인증,041460,KRX
BGF에코머티리얼즈,126600,KRX
디케이락,105740,KRX
위메이드플레이,123420,KRX
아나패스,123860,KRX
KNN,058400,KRX
누리플랜,069140,KRX
아이텍,119830,KRX
인화정공,101930,KRX
셀피글로벌,068940,KRX
뉴온,123840,KRX
미스토홀딩스,081660,KRX
알파칩스,117670,KRX
포메탈,119500,KRX
KTcs,058850,KRX
다원시스,068240,KRX
현대홈쇼핑,057050,KRX
씨젠,096530,KRX
와이솔,122990,KRX
하이비젼시스템,126700,KRX
화신정공,126640,KRX
코리아에프티,123410,KRX
도화엔지니어링,002150,KRX
엠에스오토텍,123040,KRX
이글루,067920,KRX
대성산업,128820,KRX
아이마켓코리아,122900,KRX
한미약품,128940,KRX
인터로조,119610,KRX
하이텍팜,106190,KRX
우진,105840,KRX
무학,033920,KRX
에스디시스템,121890,KRX
알톤,123750,KRX
유비벨록스,089850,KRX
오르비텍,046120,KRX
이연제약,102460,KRX
엑스큐어,070300,KRX
투비소프트,079970,KRX
한국화장품,123690,KRX
에스제이엠,123700,KRX
인피니트헬스케어,071200,KRX
서진오토모티브,122690,KRX
인지소프트,100030,KRX
HL홀딩스,060980,KRX
삼성생명,032830,KRX
신세계푸드,031440,KRX
이스트아시아홀딩스,900110,KRX
애머릿지,900100,KRX
케이씨에스,115500,KRX
씨엑스아이,900120,KRX
HLB테라퓨틱스,115450,KRX
삼기,122350,KRX
한화생명,088350,KRX
이미지스,115610,KRX
조선선재,120030,KRX
인포바인,115310,KRX
케이이엠텍,106080,KRX
모베이스,101330,KRX
코오롱인더,120110,KRX
KC코트렐,119650,KRX
지역난방공사,071320,KRX
스타플렉스,115570,KRX
우리넷,115440,KRX
아세아텍,050860,KRX
영흥,012160,KRX
폴라리스우노,114630,KRX
코디,080530,KRX
메타케어,118000,KRX
글로벌에스엠,900070,KRX
DGI,099520,KRX
그린생명과학,114450,KRX
디와이피엔에프,104460,KRX
위메이드,112040,KRX
한전기술,052690,KRX
셀바스AI,108860,KRX
이원컴포텍,088290,KRX
강원에너지,114190,KRX
GKL,114090,KRX
휴맥스,115160,KRX
앱토크롬,109960,KRX
SK,034730,KRX
동방선기,099410,KRX
KS인더스트리,101000,KRX
진매트릭스,109820,KRX
황금에스티,032560,KRX
비츠로셀,082920,KRX
하이트진로,000080,KRX
한스바이오메드,042520,KRX
동양생명,082640,KRX
NHN벅스,104200,KRX
아이앤씨,052860,KRX
유니온머티리얼,047400,KRX
케이엔더블유,105330,KRX
형지엘리트,093240,KRX
디에스케이,109740,KRX
제넥신,095700,KRX
톱텍,108230,KRX
동국S&C,100130,KRX
에스앤더블류,103230,KRX
키움증권,039490,KRX
영원무역,111770,KRX
컴투스홀딩스,063080,KRX
동일금속,109860,KRX
한미글로벌,053690,KRX
동아지질,028100,KRX
어보브반도체,102120,KRX
위메이드맥스,101730,KRX
이엔에프테크놀로지,102710,KRX
스맥,099440,KRX
SDN,099220,KRX
한국정밀기계,101680,KRX
HD현대마린엔진,071970,KRX
흥국,010240,KRX
우림피티에스,101170,KRX
티플랙스,081150,KRX
LX하우시스,108670,KRX
에스티오,098660,KRX
에이테크솔루션,071670,KRX
에스앤에스텍,101490,KRX
뷰웍스,100120,KRX
코오롱생명과학,102940,KRX
엔시트론,101400,KRX
한세실업,105630,KRX
주성코퍼레이션,109070,KRX
파인테크닉스,106240,KRX
미원홀딩스,107590,KRX
이수앱지스,086890,KRX
대성파인텍,104040,KRX
유비쿼스홀딩스,078070,KRX
메디톡스,086900,KRX
엠게임,058630,KRX
아이컴포넌트,059100,KRX
NAVER,035420,KRX
HLB생명과학,067630,KRX
이크레더블,092130,KRX
부국철강,026940,KRX
KB금융,105560,KRX
세운메디칼,100700,KRX
한국철강,104700,KRX
마이크로컨텍솔,098120,KRX
이엠앤아이,083470,KRX
일진전기,103590,KRX
풍산,103140,KRX
LG이노텍,011070,KRX
아이엠,101390,KRX
웰크론한텍,076080,KRX
하이드로리튬,101670,KRX
슈프리마에이치큐,094840,KRX
명문제약,017180,KRX
서울옥션,063170,KRX
이스트소프트,047560,KRX
비상교육,100220,KRX
크레버스,096240,KRX
동성케미컬,102260,KRX
월덱스,101160,KRX
쎄트렉아이,099320,KRX
브리지텍,064480,KRX
고영,098460,KRX
조이시티,067000,KRX
우진비앤지,018620,KRX
테스,095610,KRX
예스24,053280,KRX
엘디티,096870,KRX
LG유플러스,032640,KRX
메타바이오메드,059210,KRX
효성오앤비,097870,KRX
인바이오젠,101140,KRX
아시아나항공,020560,KRX
SNT에너지,100840,KRX
진양홀딩스,100250,KRX
한울소재과학,091440,KRX
엔케이,085310,KRX
에코볼트,097780,KRX
에스코넥,096630,KRX
일신바이오,068330,KRX
서원인텍,093920,KRX
이씨에스,067010,KRX
대창솔루션,096350,KRX
한전KPS,051600,KRX
엑시온그룹,069920,KRX
알에프세미,096610,KRX
디엔에프,092070,KRX
일진파워,094820,KRX
비엠티,086670,KRX
기신정기,092440,KRX
이엠코리아,095190,KRX
KSS해운,044450,KRX
효성 ITX,094280,KRX
현우산업,092300,KRX
유나이티드,033270,KRX
케이알엠,093640,KRX
디아이씨,092200,KRX
에스에너지,095910,KRX
성우전자,081580,KRX
엘엠에스,073110,KRX
제이엠티,094970,KRX
오디텍,080520,KRX
ISC,095340,KRX
네오티스,085910,KRX
미래나노텍,095500,KRX
상보,027580,KRX
CJ제일제당,097950,KRX
바이오톡스텍,086040,KRX
팬오션,028670,KRX
옴니시스템,057540,KRX
푸른기술,094940,KRX
웨이브일렉트로,095270,KRX
HJ중공업,097230,KRX
빅솔론,093190,KRX
JW홀딩스,096760,KRX
S&K폴리텍,091340,KRX
SK이노베이션,096770,KRX
멤레이비티,072770,KRX
갤럭시아머니트리,094480,KRX
에코프로,086520,KRX
대산F&B,065150,KRX
컴투스,078340,KRX
네오위즈,095660,KRX
삼성카드,029780,KRX
앤씨앤,092600,KRX
엔텔스,069410,KRX
알루코,001780,KRX
풍강,093380,KRX
웅진씽크빅,095720,KRX
동국제약,086450,KRX
케이프,064820,KRX
상신이디피,091580,KRX
한라IMS,092460,KRX
에프알텍,073540,KRX
이엠텍,091120,KRX
참좋은여행,094850,KRX
네오리진,094860,KRX
맵스리얼티,094800,KRX
LS증권,078020,KRX
매커스,093520,KRX
나노캠텍,091970,KRX
네오팜,092730,KRX
오스코텍,039200,KRX
켐트로닉스,089010,KRX
제이스텍,090470,KRX
동아엘텍,088130,KRX
메타랩스,090370,KRX
후성,093370,KRX
휴온스글로벌,084110,KRX
케이씨티,089150,KRX
파트론,091700,KRX
유니테스트,086390,KRX
휴림로봇,090710,KRX
LF,093050,KRX
에스에이티,060540,KRX
큐에스아이,066310,KRX
멀티캠퍼스,067280,KRX
주연테크,044380,KRX
코스맥스비티아이,044820,KRX
코세스,089890,KRX
인천도시가스,034590,KRX
성창오토텍,080470,KRX
넥스턴앤롤코리아,089140,KRX
제이티,089790,KRX
아이윈,090150,KRX
이녹스,088390,KRX
삼정펄프,009770,KRX
KEC,092220,KRX
KPX홀딩스,092230,KRX
THE E&M,089230,KRX
바텍,043150,KRX
MDS테크,086960,KRX
HDC현대EP,089470,KRX
루멘스,038060,KRX
CSA 코스믹,083660,KRX
NICE인프라,063570,KRX
쇼박스,086980,KRX
팬엔터테인먼트,068050,KRX
인포뱅크,039290,KRX
노루페인트,090350,KRX
아모레퍼시픽,090430,KRX
스테이지원엔터,078860,KRX
동우팜투테이블,088910,KRX
롯데관광개발,032350,KRX
제이브이엠,054950,KRX
평화산업,090080,KRX
우진플라임,049800,KRX
팅크웨어,084730,KRX
신세계I&C,035510,KRX
진바이오텍,086060,KRX
티케이지애강,022220,KRX
진도,088790,KRX
에이스테크,088800,KRX
맥쿼리인프라,088980,KRX
롯데쇼핑,023530,KRX
셀트리온제약,068760,KRX
GST,083450,KRX
에너토크,019990,KRX
제우스,079370,KRX
뉴프렉스,085670,KRX
유진테크,084370,KRX
CG인바이츠,083790,KRX
바이오니아,064550,KRX
헬릭스미스,084990,KRX
인콘,083640,KRX
차바이오텍,085660,KRX
현대글로비스,086280,KRX
대봉엘에스,078140,KRX
와이엔텍,067900,KRX
케이엠,083550,KRX
티비에이치글로벌,084870,KRX
수성웹툰,084180,KRX
하나금융지주,086790,KRX
제일연마,001560,KRX
모다이노칩,080420,KRX
비에이치아이,083650,KRX
케스피온,079190,KRX
현대리바트,079430,KRX
비보존 제약,082800,KRX
자연과환경,043910,KRX
와토스코리아,079000,KRX
대한제강,084010,KRX
폴라리스오피스,041020,KRX
휴림에이텍,078590,KRX
서린바이오,038070,KRX
새론오토모티브,075180,KRX
그린케미칼,083420,KRX
가비아,079940,KRX
덕산하이메탈,077360,KRX
아바코,083930,KRX
하나마이크론,067310,KRX
엘오티베큠,083310,KRX
코스나인,082660,KRX
이상네트웍스,080010,KRX
대상홀딩스,084690,KRX
코아스,071950,KRX
메디포스트,078160,KRX
우리바이오,082850,KRX
모두투어,080160,KRX
이월드,084680,KRX
동양고속,084670,KRX
한미반도체,042700,KRX
가온그룹,078890,KRX
쏠리드,050890,KRX
동일산업,004890,KRX
옵트론텍,082210,KRX
젬백스,082270,KRX
플랜티넷,075130,KRX
삼호개발,010960,KRX
금호타이어,073240,KRX
이노와이어리스,073490,KRX
인베니아,079950,KRX
동양이엔피,079960,KRX
제주반도체,080220,KRX
한창산업,079170,KRX
디이엔티,079810,KRX
iMBC,052220,KRX
서산,079650,KRX
KX하이텍,052900,KRX
손오공,066910,KRX
미래컴퍼니,049950,KRX
아이크래프트,052460,KRX
CJ CGV,079160,KRX
일진다이아,081000,KRX
메가스터디,072870,KRX
케이에스피,073010,KRX
KG모빌리언스,046440,KRX
대주전자재료,078600,KRX
텔레칩스,054450,KRX
HB테크놀러지,078150,KRX
도이치모터스,067990,KRX
유니드,014830,KRX
토비스,051360,KRX
상신브레이크,041650,KRX
국일제지,078130,KRX
DMS,068790,KRX
인팩,023810,KRX
시너지이노베이션,048870,KRX
신성델타테크,065350,KRX
GS,078930,KRX
유니퀘스트,077500,KRX
다스코,058730,KRX
한국경제TV,039340,KRX
LG디스플레이,034220,KRX
다날,064260,KRX
텔코웨어,078000,KRX
형지I&C,011080,KRX
비케이홀딩스,050090,KRX
YBM넷,057030,KRX
CS,065770,KRX
아미노로직스,074430,KRX
테라젠이텍스,066700,KRX
디에이피,066900,KRX
한양디지텍,078350,KRX
STX엔진,077970,KRX
동국알앤에스,075970,KRX
빛과전자,069540,KRX
듀오백,073190,KRX
삼진엘앤디,054090,KRX
폴라리스AI파마,041910,KRX
NICE,034310,KRX
대교,019680,KRX
세진티에스,067770,KRX
한솔인티큐브,070590,KRX
리튬포어스,073570,KRX
테라사이언스,073640,KRX
우주일렉트로,065680,KRX
기업은행,024110,KRX
이엔플러스,074610,KRX
SOOP,067160,KRX
드림어스컴퍼니,060570,KRX
버킷스튜디오,066410,KRX
원익QnC,074600,KRX
로체시스템즈,071280,KRX
에스텍,069510,KRX
오텍,067170,KRX
키이스트,054780,KRX
현대에버다임,041440,KRX
한솔홈데코,025750,KRX
중앙백신,072020,KRX
휴비츠,065510,KRX
우리산업홀딩스,072470,KRX
디지털대성,068930,KRX
이수페타시스,007660,KRX
강원랜드,035250,KRX
유아이디,069330,KRX
티씨케이,064760,KRX
YG PLUS,037270,KRX
아모텍,052710,KRX
농심홀딩스,072710,KRX
웰크론,065950,KRX
파워로직스,047310,KRX
한국금융지주,071050,KRX
이엘씨,041520,KRX
유엔젤,072130,KRX
SBS,034120,KRX
홈캐스트,064240,KRX
씨씨에스,066790,KRX
웹젠,069080,KRX
엔씨소프트,036570,KRX
하이스틸,071090,KRX
대화제약,067080,KRX
우수AMS,066590,KRX
JW신약,067290,KRX
하츠,066130,KRX
빅텍,065450,KRX
탑엔지니어링,065130,KRX
DSR제강,069730,KRX
이루온,065440,KRX
태경케미컬,006890,KRX
재영솔루텍,049630,KRX
한국큐빅,021650,KRX
인터플렉스,051370,KRX
삼영이엔씨,065570,KRX
하이퍼코퍼레이션,065650,KRX
한성크린텍,066980,KRX
리더스코스메틱,016100,KRX
한농화성,011500,KRX
케이피엠테크,042040,KRX
디티씨,066670,KRX
아이로보틱스,066430,KRX
초록뱀미디어,047820,KRX
인크레더블버즈,064090,KRX
쎌바이오텍,049960,KRX
NE능률,053290,KRX
테크엘,064520,KRX
현대백화점,069960,KRX
KG이니시스,035600,KRX
비엘팜텍,065170,KRX
대호에이엘,069460,KRX
대웅제약,069620,KRX
플래스크,041590,KRX
마니커,027740,KRX
SNT홀딩스,036530,KRX
티케이지휴켐스,069260,KRX
새로닉스,042600,KRX
SJG세종,033530,KRX
오리엔트정공,065500,KRX
에이전트AI,060900,KRX
국보디자인,066620,KRX
아이톡시,052770,KRX
에스아이리소스,065420,KRX
포니링크,064800,KRX
포스코스틸리온,058430,KRX
폴라리스AI,039980,KRX
현대바이오,048410,KRX
삼성출판사,068290,KRX
세이브존I&C,067830,KRX
에스피지,058610,KRX
토탈소프트,045340,KRX
교보증권,030610,KRX
서호전기,065710,KRX
파커스,065690,KRX
한샘,009240,KRX
HC홈센타,060560,KRX
서울리거,043710,KRX
아비코전자,036010,KRX
큐렉소,060280,KRX
제이케이시냅스,060230,KRX
우원개발,046940,KRX
티사이언티픽,057680,KRX
인선이엔티,060150,KRX
와이어블,065530,KRX
SM Life Design,063440,KRX
우신시스템,017370,KRX
지어소프트,051160,KRX
지엔코,065060,KRX
셀루메드,049180,KRX
KH바텍,060720,KRX
알에프텍,061040,KRX
에스폴리텍,050760,KRX
이랜텍,054210,KRX
ES큐브,050120,KRX
케이피티유,054410,KRX
3S,060310,KRX
LG전자,066570,KRX
화일약품,061250,KRX
오상자이엘,053980,KRX
콜마홀딩스,024720,KRX
농우바이오,054050,KRX
케이엘넷,039420,KRX
SNT모티브,064960,KRX
에스티아이,039440,KRX
잉크테크,049550,KRX
대한뉴팜,054670,KRX
씨티씨바이오,060590,KRX
인탑스,049070,KRX
LS마린솔루션,060370,KRX
피씨디렉트,051380,KRX
광주신세계,037710,KRX
구영테크,053270,KRX
한국기업평가,034950,KRX
뉴보텍,060260,KRX
동양에스텍,060380,KRX
백금T&A,046310,KRX
고려신용정보,049720,KRX
서울반도체,046890,KRX
아가방컴퍼니,013990,KRX
한주에이알티,058450,KRX
미코,059090,KRX
유신,054930,KRX
프럼파스트,035200,KRX
한국컴퓨터,054040,KRX
대동스틸,048470,KRX
링네트,042500,KRX
크레오에스지,040350,KRX
팬스타엔터프라이즈,054300,KRX
한빛소프트,047080,KRX
일진디스플,020760,KRX
NHN KCP,060250,KRX
CNT85,056730,KRX
금강철강,053260,KRX
스타코링크,060240,KRX
동아화성,041930,KRX
비츠로시스,054220,KRX
오리엔탈정공,014940,KRX
웰킵스하이텍,043590,KRX
리노공업,058470,KRX
성우테크론,045300,KRX
에스에프에이,056190,KRX
신화인터텍,056700,KRX
엑사이엔씨,054940,KRX
피에이치에이,043370,KRX
종근당바이오,063160,KRX
APS,054620,KRX
코위버,056360,KRX
성호전자,043260,KRX
YW,051390,KRX
삼영엠텍,054540,KRX
이니텍,053350,KRX
유진로봇,056080,KRX
태웅,044490,KRX
경남제약,053950,KRX
삼보모터스,053700,KRX
한컴위드,054920,KRX
코미팜,041960,KRX
프리엠스,053160,KRX
코나아이,052400,KRX
메디콕스,054180,KRX
더테크놀로지,043090,KRX
비트플래닛,049470,KRX
지에스이,053050,KRX
아이디스홀딩스,054800,KRX
코데즈컴바인,047770,KRX
안랩,053800,KRX
신한지주,055550,KRX
YTN,040300,KRX
CMG제약,058820,KRX
JYP Ent.,035900,KRX
KCC건설,021320,KRX
세동,053060,KRX
프로텍,053610,KRX
액토즈소프트,052790,KRX
세코닉스,053450,KRX
바이넥스,053030,KRX
오성첨단소재,052420,KRX
코웨이,021240,KRX
태양,053620,KRX
오션인더블유,052300,KRX
유아이엘,049520,KRX
대원미디어,048910,KRX
중앙첨단소재,051980,KRX
세아홀딩스,058650,KRX
CJ프레시웨이,051500,KRX
파인디앤씨,049120,KRX
디지아이,043360,KRX
코텍,052330,KRX
한네트,052600,KRX
에스티큐브,052020,KRX
티에스넥스젠,043220,KRX
큐로홀딩스,051780,KRX
피노,033790,KRX
나라엠앤디,051490,KRX
에코바이오,038870,KRX
에이텍,045660,KRX
대아티아이,045390,KRX
캠시스,050110,KRX
현대바이오랜드,052260,KRX
SFA반도체,036540,KRX
LG생활건강,051900,KRX
LG화학,051910,KRX
대우건설,047040,KRX
포스코인터내셔널,047050,KRX
한화오션,042660,KRX
삼표시멘트,038500,KRX
진양화학,051630,KRX
HLB이노베이션,024850,KRX
SM C&C,048550,KRX
승일,049830,KRX
TPC,048770,KRX
코메론,049430,KRX
빌리언스,044480,KRX
삼화네트웍스,046390,KRX
성광벤드,014620,KRX
유라테크,048430,KRX
삼현철강,017480,KRX
오픈베이스,049480,KRX
라온시큐어,042510,KRX
삼양케이씨아이,036670,KRX
오로라,039830,KRX
금화피에스시,036190,KRX
코다코,046070,KRX
인바디,041830,KRX
고려제약,014570,KRX
크린앤사이언스,045520,KRX
KD,044180,KRX
이글벳,044960,KRX
아즈텍WB,032080,KRX
두산에너빌리티,034020,KRX
오리콤,010470,KRX
위닉스,044340,KRX
상지건설,042940,KRX
한국내화,010040,KRX
엔피케이,048830,KRX
삼천당제약,000250,KRX
에이치케이,044780,KRX
정원엔시스,045510,KRX
한양이엔지,045100,KRX
누리플렉스,040160,KRX
에쎈테크,043340,KRX
국순당,043650,KRX
엘컴텍,037950,KRX
이오테크닉스,039030,KRX
상상인,038540,KRX
서울제약,018680,KRX
HLB파나진,046210,KRX
나노엔텍,039860,KRX
오공,045060,KRX
알파AI,043100,KRX
비츠로테크,042370,KRX
코아시아,045970,KRX
정상제이엘에스,040420,KRX
진양제약,007370,KRX
KT지니뮤직,043610,KRX
진성티이씨,036890,KRX
현대에이치티,039010,KRX
삼아제약,009300,KRX
파루,043200,KRX
에스씨디,042110,KRX
한국정보공학,039740,KRX
디오,039840,KRX
네오위즈홀딩스,042420,KRX
다산네트웍스,039560,KRX
바이오스마트,038460,KRX
우리기술,032820,KRX
안국약품,001540,KRX
세중,039310,KRX
우리기술투자,041190,KRX
케이바이오,038530,KRX
HRS,036640,KRX
에스에이엠티,031330,KRX
위즈코프,038620,KRX
이건홀딩스,039020,KRX
파인디지털,038950,KRX
나이스정보통신,036800,KRX
SG&G,040610,KRX
아이에이,038880,KRX
에스넷,038680,KRX
에스엠,041510,KRX
아이티센엔텍,010280,KRX
쎄니트,037760,KRX
대성미생물,036480,KRX
에코플라스틱,038110,KRX
케이엠더블유,032500,KRX
화성밸브,039610,KRX
경남스틸,039240,KRX
마크로젠,038290,KRX
희림,037440,KRX
레드캡투어,038390,KRX
솔브레인홀딩스,036830,KRX
에프에스티,036810,KRX
코맥스,036690,KRX
EG,037370,KRX
감성코퍼레이션,036620,KRX
성도이엔지,037350,KRX
제일테크노스,038010,KRX
한세예스24홀딩스,016450,KRX
무림SP,001810,KRX
세종텔레콤,036630,KRX
심텍홀딩스,036710,KRX
파세코,037070,KRX
KZ정밀,036560,KRX
SGC E&C,016250,KRX
서희건설,035890,KRX
주성엔지니어링,036930,KRX
케이티알파,036030,KRX
대성홀딩스,016710,KRX
다우데이타,032190,KRX
동진쎄미켐,005290,KRX
선광,003100,KRX
에이치엠넥스,036170,KRX
제이에스티나,026040,KRX
지더블유바이텍,036180,KRX
한국팩키지,037230,KRX
삼지전자,037460,KRX
우리엔터프라이즈,037400,KRX
대원제약,003220,KRX
한국가스공사,036460,KRX
네패스,033640,KRX
인지디스플레,037330,KRX
위지트,036090,KRX
유니셈,036200,KRX
유성티엔에스,024800,KRX
코리아나,027050,KRX
골드앤에스,035290,KRX
서울평가정보,036120,KRX
서울전자통신,027040,KRX
대성창투,027830,KRX
예림당,036000,KRX
미래아이앤지,007120,KRX
CJ ENM,035760,KRX
이지홀딩스,035810,KRX
기산텔레콤,035460,KRX
화천기공,000850,KRX
팜스코,036580,KRX
케이티앤지,033780,KRX
HD한국조선해양,009540,KRX
디씨엠,024090,KRX
바른손이앤에이,035620,KRX
솔본,035610,KRX
시공테크,020710,KRX
신일제약,012790,KRX
조아제약,034940,KRX
AK홀딩스,006840,KRX
HS애드,035000,KRX
대한유화,006650,KRX
백산,035150,KRX
체시스,033250,KRX
인성정보,033230,KRX
그래디언트,035080,KRX
동국산업,005160,KRX
매일홀딩스,005990,KRX
해성산업,034810,KRX
자화전자,033240,KRX
케이티,030200,KRX
엑시큐어하이트론,019490,KRX
제일기획,030000,KRX
한국정보통신,025770,KRX
파라텍,033540,KRX
동성화인텍,033500,KRX
스틱인베스트먼트,026890,KRX
케이씨,029460,KRX
드래곤플라이,030350,KRX
엠케이전자,033160,KRX
엠투엔,033310,KRX
제이씨현시스템,033320,KRX
포스코엠텍,009520,KRX
스페코,013810,KRX
좋은사람들,033340,KRX
대원화성,024890,KRX
로젠,033290,KRX
모아텍,033200,KRX
코콤,015710,KRX
E1,017940,KRX
SK가스,018670,KRX
다우기술,023590,KRX
영보화학,014440,KRX
제룡전기,033100,KRX
제이엠아이,033050,KRX
디지틀조선,033130,KRX
바이온,032980,KRX
와이지-원,019210,KRX
특수건설,026150,KRX
아이즈비전,031310,KRX
SKC,011790,KRX
동일기연,032960,KRX
소프트센,032680,KRX
원익,032940,KRX
원풍물산,008290,KRX
한국주강,025890,KRX
삼진,032750,KRX
더라미,032860,KRX
비트컴퓨터,032850,KRX
엠젠솔루션,032790,KRX
판타지오,032800,KRX
디와이덕양,024900,KRX
에쓰씨엔지니어링,023960,KRX
인지컨트롤스,023800,KRX
유비케어,032620,KRX
피델릭스,032580,KRX
TJ미디어,032540,KRX
휴맥스홀딩스,028080,KRX
삼일,032280,KRX
경동인베스트,012320,KRX
뉴인텍,012340,KRX
아이티센씨티에스,031820,KRX
에스제이엠홀딩스,025530,KRX
오스템,031510,KRX
디에이치엑스컴퍼니,031860,KRX
피에스케이홀딩스,031980,KRX
SK하이닉스,000660,KRX
INVENI,015360,KRX
MH에탄올,023150,KRX
동남합성,023450,KRX
삼성E&A,028050,KRX
신도리코,029530,KRX
온타이드,005320,KRX
퍼시스,016800,KRX
세보엠이씨,011560,KRX
한일단조,024740,KRX
WISCOM,024070,KRX
동원수산,030720,KRX
미래산업,025560,KRX
다올투자증권,030210,KRX
양지사,030960,KRX
HDC,012630,KRX
광전자,017900,KRX
한국단자공업,025540,KRX
원익홀딩스,030530,KRX
한글과컴퓨터,030520,KRX
메이슨캐피탈,021880,KRX
광무,029480,KRX
대호특수강,021040,KRX
디아이,003160,KRX
신성이엔지,011930,KRX
티에이치엔,019180,KRX
한온시스템,018880,KRX
HLB,028300,KRX
팜스토리,027710,KRX
블루산업개발,006740,KRX
세원정공,021820,KRX
유니온,000910,KRX
키다리스튜디오,020120,KRX
한국제지,027970,KRX
한섬,020000,KRX
현대엘리베이터,017800,KRX
환인제약,016580,KRX
삼보판지,023600,KRX
삼목에스폼,018310,KRX
에이스침대,003800,KRX
원익큐브,014190,KRX
계룡건설산업,013580,KRX
서원,021050,KRX
에스원,012750,KRX
태경산업,015890,KRX
리드코프,012700,KRX
유니슨,018000,KRX
아난티,025980,KRX
광진실업,026910,KRX
인터엠,017250,KRX
신대양제지,016590,KRX
와이투솔루션,011690,KRX
남해화학,025860,KRX
동원금속,018500,KRX
성안머티리얼스,011300,KRX
성우하이텍,015750,KRX
대신정보통신,020180,KRX
서부T&D,006730,KRX
HMM,011200,KRX
경인양행,012610,KRX
풀무원,017810,KRX
서울도시가스,017390,KRX
이구산업,025820,KRX
동신건설,025950,KRX
동화기업,025900,KRX
에넥스,011090,KRX
에이프로젠,007460,KRX
차AI헬스케어,025620,KRX
한국카본,017960,KRX
신라에스지,025870,KRX
케이씨피드,025880,KRX
한탑,002680,KRX
한국선재,025550,KRX
DH오토웨어,025440,KRX
시노펙스,025320,KRX
PN풍년,024940,KRX
삼천리자전거,024950,KRX
메디앙스,014100,KRX
KBI메탈,024840,KRX
경창산업,024910,KRX
대륙제관,004780,KRX
동원개발,013120,KRX
세원물산,024830,KRX
케이피에프,024880,KRX
KPX케미칼,025000,KRX
TP,007980,KRX
에스엠벡셀,010580,KRX
KB오토시스,024120,KRX
신원종합개발,017000,KRX
흥구석유,024060,KRX
대한약품,023910,KRX
이화공영,001840,KRX
풍국주정,023900,KRX
대림제지,017650,KRX
대한광통신,010170,KRX
동일스틸럭스,023790,KRX
플레이위드,023770,KRX
한국캐피탈,023760,KRX
한일사료,005860,KRX
KC그린홀딩스,009440,KRX
문배철강,008420,KRX
웅진,016880,KRX
모베이스전자,012860,KRX
국영지앤엠,006050,KRX
유진기업,023410,KRX
제이스코홀딩스,023440,KRX
보성파워텍,006910,KRX
브이티,018290,KRX
태광,023160,KRX
HL D&I,014790,KRX
오뚜기,007310,KRX
일정실업,008500,KRX
와이엠,007530,KRX
엘에스일렉트릭,010120,KRX
신라섬유,001000,KRX
원일특강,012620,KRX
서한,011370,KRX
대양금속,009190,KRX
이화산업,000760,KRX
동원시스템즈,014820,KRX
바른손,018700,KRX
부방,014470,KRX
삼성중공업,010140,KRX
모토닉,009680,KRX
화신,010690,KRX
소노스퀘어,007720,KRX
THE CUBE&,013720,KRX
유니크,011320,KRX
진로발효,018120,KRX
삼보산업,009620,KRX
푸드웰,005670,KRX
푸른저축은행,007330,KRX
피제이전자,006140,KRX
베뉴지,019010,KRX
엠에스씨,009780,KRX
삼화페인트공업,000390,KRX
경동나비엔,009450,KRX
대동금속,020400,KRX
대원산업,005710,KRX
큐캐피탈,016600,KRX
한국가구,004590,KRX
디모아,016670,KRX
중앙에너비스,000440,KRX
DB,012030,KRX
SGC에너지,005090,KRX
삼륭물산,014970,KRX
대림바스,005750,KRX
경동제약,011040,KRX
원풍,008370,KRX
네이처셀,007390,KRX
삼일기업공사,002290,KRX
일지테크,019540,KRX
한일화학,007770,KRX
한국알콜,017890,KRX
대주산업,003310,KRX
글로본,019660,KRX
대한해운,005880,KRX
세명전기,017510,KRX
휴니드테크놀러지스,005870,KRX
수산세보틱스,017550,KRX
에이티넘인베스트,021080,KRX
롯데케미칼,011170,KRX
대동기어,008830,KRX
세아베스틸지주,001430,KRX
호텔신라,008770,KRX
태경비케이,014580,KRX
화승코퍼레이션,013520,KRX
신흥,004080,KRX
화승인더스트리,006060,KRX
극동유화,014530,KRX
고려산업,002140,KRX
피에스텍,002230,KRX
대현,016090,KRX
케이비아이동국실업,001620,KRX
광명전기,017040,KRX
부산산업,011390,KRX
STX,011810,KRX
고려아연,010130,KRX
이렘,009730,KRX
팜젠사이언스,004720,KRX
무림페이퍼,009200,KRX
현대차증권,001500,KRX
금비,008870,KRX
대동전자,008110,KRX
원림,005820,KRX
서흥,008490,KRX
성문전자,014910,KRX
HLB글로벌,003580,KRX
일진홀딩스,015860,KRX
대영포장,014160,KRX
영화금속,012280,KRX
신풍제약,019170,KRX
동성제약,002210,KRX
카스,016920,KRX
아센디오,012170,KRX
한올바이오파마,009420,KRX
하이록코리아,013030,KRX
유니켐,011330,KRX
대창,012800,KRX
일성건설,013360,KRX
까뮤이앤씨,013700,KRX
보락,002760,KRX
선도전기,007610,KRX
씨아이테크,004920,KRX
광동제약,009290,KRX
갤럭시아에스엠,011420,KRX
남성,004270,KRX
KISCO홀딩스,001940,KRX
태영건설,009410,KRX
한국특강,007280,KRX
한솔로지스틱스,009180,KRX
삼양통상,002170,KRX
SK텔레콤,017670,KRX
진양폴리우레탄,010640,KRX
미창석유공업,003650,KRX
삼익THK,004380,KRX
미원상사,002840,KRX
서연,007860,KRX
SBI인베스트먼트,019550,KRX
세우글로벌,013000,KRX
현대모비스,012330,KRX
KG케미칼,001390,KRX
아진전자부품,009320,KRX
현대해상,001450,KRX
현대지에프홀딩스,005440,KRX
한국전력공사,015760,KRX
국도화학,007690,KRX
녹십자,006280,KRX
SIMPAC,009160,KRX
윌비스,008600,KRX
대창단조,015230,KRX
사조산업,007160,KRX
한익스프레스,014130,KRX
사조동아원,008040,KRX
경인전자,009140,KRX
무림P&P,009580,KRX
인디에프,014990,KRX
디와이,013570,KRX
방림,003610,KRX
DKME,015590,KRX
한솔케미칼,014680,KRX
퍼스텍,010820,KRX
플루토스,019570,KRX
동원산업,006040,KRX
대덕,008060,KRX
한성기업,003680,KRX
모헨즈,006920,KRX
이스타코,015020,KRX
태림포장,011280,KRX
아세아제지,002310,KRX
화천기계,010660,KRX
CJ씨푸드,011150,KRX
SHD,001770,KRX
조일알미늄,018470,KRX
에스엘,005850,KRX
영원무역홀딩스,009970,KRX
더존비즈온,012510,KRX
보령,003850,KRX
이건산업,008250,KRX
모나리자,012690,KRX
대구백화점,006370,KRX
우성,006980,KRX
유성기업,002920,KRX
한일철강,002220,KRX
삼익악기,002450,KRX
HS화성,002460,KRX
DN오토모티브,007340,KRX
보해양조,000890,KRX
상상인증권,001290,KRX
혜인,003010,KRX
금강공업,014280,KRX
플레이그램,009810,KRX
율촌화학,008730,KRX
신원,009270,KRX
동방,004140,KRX
한국쉘석유,002960,KRX
부광약품,003000,KRX
풍산홀딩스,005810,KRX
부국증권,001270,KRX
계양전기,012200,KRX
한솔테크닉스,004710,KRX
DB증권,016610,KRX
한미사이언스,008930,KRX
삼진제약,005500,KRX
POSCO홀딩스,005490,KRX
범양건영,002410,KRX
파미셀,005690,KRX
동국홀딩스,001230,KRX
대원전선,006340,KRX
이수화학,005950,KRX
삼성증권,016360,KRX
삼영무역,002810,KRX
한양증권,001750,KRX
금호석유화학,011780,KRX
유안타증권,003470,KRX
제일파마홀딩스,002620,KRX
에이엔피,015260,KRX
한창제지,009460,KRX
넥센,005720,KRX
삼성공조,006660,KRX
세방전지,004490,KRX
진원생명과학,011000,KRX
참엔지니어링,009310,KRX
한국무브넥스,010100,KRX
코스모신소재,005070,KRX
덕성,004830,KRX
신영증권,001720,KRX
유진증권,001200,KRX
유화증권,003460,KRX
한신기계공업,011700,KRX
코스모화학,005420,KRX
가온전선,000500,KRX
S-Oil,010950,KRX
한화에어로스페이스,012450,KRX
삼화전자공업,011230,KRX
현대제철,004020,KRX
써니전자,004770,KRX
현대비앤지스틸,004560,KRX
사조오양,006090,KRX
한화투자증권,003530,KRX
삼화전기,009470,KRX
SK증권,001510,KRX
평화홀딩스,010770,KRX
일신석재,007110,KRX
KG스틸,016380,KRX
아이에스동서,010780,KRX
SH에너지화학,002360,KRX
대한화섬,003830,KRX
코리아써키트,007810,KRX
신세계,004170,KRX
OCI홀딩스,010060,KRX
삼일제약,000520,KRX
인스코비,006490,KRX
일성아이에스,003120,KRX
현대건설,000720,KRX
TCC스틸,002710,KRX
에이프로젠바이오로직스,003060,KRX
F&F 홀딩스,007700,KRX
아남전자,008700,KRX
GS건설,006360,KRX
삼아알미늄,006110,KRX
한국전자홀딩스,006200,KRX
삼성SDI,006400,KRX
삼성전기,009150,KRX
동부건설,005960,KRX
케이씨티시,009070,KRX
코오롱글로벌,003070,KRX
빙그레,005180,KRX
녹십자홀딩스,005250,KRX
시알홀딩스,000480,KRX
현대약품,004310,KRX
남양유업,003920,KRX
남선알미늄,008350,KRX
한국화장품제조,003350,KRX
현대코퍼레이션,011760,KRX
LS,006260,KRX
SK네트웍스,001740,KRX
경농,002100,KRX
티웨이홀딩스,004870,KRX
동방아그로,007590,KRX
송원산업,004430,KRX
진흥기업,002780,KRX
한국석유공업,004090,KRX
천일고속,000650,KRX
대원강업,000430,KRX
만호제강,001080,KRX
조광피혁,004700,KRX
세방,004360,KRX
KBI동양철관,008970,KRX
대유에이텍,002880,KRX
남광토건,001260,KRX
삼영전자공업,005680,KRX
신영와코루,005800,KRX
오리엔트바이오,002630,KRX
조비,001550,KRX
한국공항,005430,KRX
조광페인트,004910,KRX
SB성보,003080,KRX
삼천리,004690,KRX
조흥,002600,KRX
금양,001570,KRX
사조대림,003960,KRX
비비안,002070,KRX
SNT다이내믹스,003570,KRX
한신공영,004960,KRX
농심,004370,KRX
삼영,003720,KRX
성신양회,004980,KRX
신라교역,004970,KRX
신풍,002870,KRX
종근당홀딩스,001630,KRX
크라운해태홀딩스,005740,KRX
한독,002390,KRX
SG글로벌,001380,KRX
SK디스커버리,006120,KRX
샘표,007540,KRX
흥아해운,003280,KRX
GS글로벌,001250,KRX
금호건설,002990,KRX
삼부토건,001470,KRX
삼화콘덴서공업,001820,KRX
페이퍼코리아,001020,KRX
동양,001520,KRX
한화,000880,KRX
JW중외제약,001060,KRX
영풍,000670,KRX
PKC,001340,KRX
성창기업지주,000180,KRX
한창,005110,KRX
삼화왕관,004450,KRX
KR모터스,000040,KRX
고려제강,002240,KRX
태양금속공업,004100,KRX
SUN&L,002820,KRX
DRB동일,004840,KRX
넥센타이어,002350,KRX
SG세계물산,004060,KRX
롯데정밀화학,004000,KRX
동화약품,000020,KRX
DL,000210,KRX
LX인터내셔널,001120,KRX
국제약품,002720,KRX
태광산업,003240,KRX
부산주공,005030,KRX
CS홀딩스,000590,KRX
DB하이텍,000990,KRX
대림통상,006570,KRX
유유제약,000220,KRX
강남제비스코,000860,KRX
대신증권,003540,KRX
NH투자증권,005940,KRX
미래에셋증권,006800,KRX
신일전자,002700,KRX
삼성제약,001360,KRX
삼성화재해상보험,000810,KRX
삼양식품,003230,KRX
한화손해보험,000370,KRX
NI스틸,008260,KRX
일동홀딩스,000230,KRX
대동,000490,KRX
오리온홀딩스,001800,KRX
깨끗한나라,004540,KRX
태원물산,001420,KRX
코오롱,002020,KRX
삼성전자,005930,KRX
DH오토넥스,000300,KRX
BYC,001460,KRX
KG모빌리티,003620,KRX
SPC삼립,005610,KRX
흥국화재,000540,KRX
일양약품,007570,KRX
한진,002320,KRX
한국수출포장공업,002200,KRX
현대자동차,005380,KRX
모나미,005360,KRX
한화솔루션,009830,KRX
아세아,002030,KRX
카프로,006380,KRX
롯데지주,004990,KRX
대한방직,001070,KRX
서울식품공업,004410,KRX
LS네트웍스,000680,KRX
금호전기,001210,KRX
하이트진로홀딩스,000140,KRX
노루홀딩스,000320,KRX
기아,000270,KRX
효성,004800,KRX
CJ,001040,KRX
두산,000150,KRX
휴스틸,005010,KRX
DB손해보험,005830,KRX
TYM,002900,KRX
대웅,003090,KRX
진양산업,003780,KRX
영진약품,003520,KRX
케이씨씨,002380,KRX
롯데칠성음료,005300,KRX
일신방직,003200,KRX
아모레퍼시픽홀딩스,002790,KRX
제주은행,006220,KRX
한솔홀딩스,004150,KRX
벽산,007210,KRX
롯데손해보험,000400,KRX
대한제분,001130,KRX
대상,001680,KRX
LG,003550,KRX
동아쏘시오홀딩스,000640,KRX
코리안리,003690,KRX
한국주철관공업,000970,KRX
한일홀딩스,003300,KRX
엔피씨,004250,KRX
세아제강지주,003030,KRX
대한전선,001440,KRX
대한제당,001790,KRX
삼양홀딩스,000070,KRX
세기상사,002420,KRX
한국앤컴퍼니,000240,KRX
전방,000950,KRX
대한항공,003490,KRX
디아이동일,001530,KRX
유한양행,000100,KRX
CJ대한통운,000120,KRX
경방,000050,KRX
유수홀딩스,000700,KRX
한진중공업홀딩스,003480,KRX
